id,nm,lat,lon,countryCode
686487,Alexeni,44.683331,26.700001,ro
3996626,Maravatio,19.9,-100.449997,mx
145964,Yeri,35.099998,33.416672,cy
679456,Deta,45.388889,21.224439999999998,ro
3038426,Aime,45.555592,6.6504199999999996,fr
2403407,Tintafor,8.626669999999999,-13.215,sl
6952201,East Melbourne,-37.816669,144.9879,au
2711537,Goeteborg,57.707161,11.96679,se
4547675,Pawhuska,36.667839,-96.337227,us
3901504,Villa Yapacani,-17.4,-63.833328,bo
2639928,Prescot,53.42948199999999,-2.8003099999999996,gb
2352778,Abuja,9.05735,7.48976,ng
917011,Gwembe,-16.497549,27.606911,zm
3174609,Lonate Ceppino,45.704769,8.878739999999999,it
2647101,Henley on Thames,51.533328999999995,-0.9,gb
2933922,Ebersdorf,50.333328,11.15,de
457065,Ogre,56.8162,24.61401,lv
1727999,Baliton,5.743609999999999,125.23638899999999,ph
1853066,Sakurai,34.5,135.850006,jp
579327,Bammatyurt,43.343151,46.608528,ru
3171919,Orotelli,40.305859000000005,9.11293,it
6324376,Pinar de Chamartin,40.479031,-3.66836,es
2790515,Musson,49.556808000000004,5.69952,be
3452216,Prudentopolis,-25.213060000000002,-50.977779,br
474370,Verkhoshizhemye,58.010971,49.103840000000005,ru
3387620,Simplicio Mendes,-7.85389,-41.910278000000005,br
1166720,Rustam jo Goth,27.968969,68.80481,pk
3171152,Peschiera del Garda,45.437778,10.68908,it
3053836,Dabas,47.18594,19.310909,hu
3522251,Oxkutzcab,20.299999,-89.41667199999999,mx
81604,Suluq,31.66818,20.25205,ly
1717916,Catayuan,18.16358,121.652748,ph
3988258,Sahuayo de Morelos,20.066669,-102.716667,mx
3023697,Cordemais,47.291069,-1.8786900000000002,fr
5415502,Burlington,39.30611,-102.269363,us
886990,Marondera,-18.185270000000003,31.551928999999998,zw
3650186,Vinces,-1.55,-79.73333000000001,ec
1278808,Amet,25.299999,73.933327,in
3936963,Langui,-14.431939999999999,-71.273064,pe
2249901,Khombole,14.766670000000001,-16.700001,sn
3041732,Mariehamn,60.09726,19.934811,ax
3013206,Holtzheim,48.558201000000004,7.64434,fr
760825,Raczki,53.987492,22.78487,pl
3122695,Fabero,42.768028,-6.626510000000001,es
1857046,Mino,34.826908,135.470566,jp
4871875,Postville,43.084702,-91.56819899999999,us
3526953,Huejotzingo,19.15,-98.400002,mx
2991792,Morigny-Champigny,48.44685,2.18352,fr
1682428,Tibagon,7.2327,125.862801,ph
550512,Kharovsk,59.964249,40.191212,ru
457860,Livani,56.35430899999999,26.175791,lv
1716294,Dadus,7.0575,124.321671,ph
2794445,Kinrooi,51.145432,5.74207,be
4906802,Preston Heights,41.491699,-88.08171800000001,us
2823497,Tennenbronn,48.190411,8.35176,de
740303,Salpazari,40.941109000000004,39.19556,tr
2647502,Harbury,52.235371,-1.45706,gb
6053154,Lethbridge,49.699989,-112.81855800000001,ca
2634467,West Cornforth,54.702861999999996,-1.51938,gb
3516480,Sultepec de Pedro Ascencio de Alquisiras,18.866671,-99.949997,mx
2976021,Sare,43.312599,-1.58012,fr
4344651,Ville Platte,30.687969,-92.271523,us
2883794,Krolpa,50.677429,11.53848,de
5197445,Lawrence Park,40.345638,-76.800797,us
3516813,Santo Tomas Hueyotlipan,18.9,-97.849998,mx
3019607,Essey-les-Nancy,48.70179,6.22425,fr
3980172,Villa Guerrero,21.98333,-103.599998,mx
250624,Qir Moav,31.182479999999998,35.699989,jo
2659076,Reinach,47.26667,8.18333,ch
749843,Camlidere,40.489578,32.474990999999996,tr
632453,Vantaa,60.294140000000006,25.040991,fi
4902706,Morris,41.35725,-88.421181,us
7302856,Serilingampalle,17.493129999999997,78.301964,in
3100637,Darlowo,54.420952,16.4107,pl
3924908,Pimenta Bueno,-11.6725,-61.193611,br
1489138,Tselinnoye,53.083328,85.66667199999999,ru
2658209,Uzwil,47.438128999999996,9.13922,ch
2623394,Broager,54.88736,9.68096,dk
5112972,Clinton,43.048401,-75.378502,us
669116,Ratesti,44.73333,25.133329,ro
1732297,Acao,16.525560000000002,120.37638899999999,ph
1704725,Mababanaba,15.49715,120.46053300000001,ph
2845209,Ronshausen,50.950001,9.85,de
5433124,Northglenn,39.88554,-104.98719799999999,us
3871336,Santiago,-33.45694,-70.64827,cl
108773,Al Wajh,26.245509999999996,36.45248,sa
629829,Vyaliki Trastsyanets,53.851002,27.7139,by
2890322,Kirkel,49.283328999999995,7.2333300000000005,de
3088006,Przeclaw,53.374469999999995,14.47251,pl
4240857,Holiday Shores,38.921989,-89.940659,us
2659648,Mogelsberg,47.362221000000005,9.13541,ch
1682596,Taytayan,7.73389,126.501938,ph
2660951,Ebnat-Kappel,47.261951,9.12473,ch
5116550,Elwood,40.845379,-73.335121,us
2977103,Saintry-sur-Seine,48.596401,2.49515,fr
672518,Nanesti,45.549999,27.5,ro
3027064,Champniers,45.716671000000005,0.2,fr
735215,Menemeni,40.656940000000006,22.9,gr
3031182,Boulay-Moselle,49.183331,6.5,fr
3675305,Margarita,9.15596,-74.266182,co
3080226,Ziebice,50.601219,17.040649,pl
2979239,Saint-Jean-en-Royans,45.01693,5.2945400000000005,fr
4860066,Hawarden,42.995819,-96.485313,us
4065552,Gulf Shores,30.24604,-87.70082099999999,us
828440,Pervoye Maya,56.164028,44.719551,ru
3623781,Esparza,9.99447,-84.664658,cr
1184569,Amangarh,34.005829,71.93,pk
3444105,San Matias,-16.366671,-58.400002,bo
5803622,Minnehaha,45.659012,-122.64871200000002,us
4542180,Marlow,34.590359,-97.955872,us
5147840,Bolindale,41.207279,-80.77758,us
2639343,Ringmer,50.89307,0.05545,gb
2875909,Lorch,48.798328000000005,9.6914,de
2763176,Ulrichsberg,48.67498,13.91049,at
2865341,Neuffen,48.5546,9.3755,de
1713259,Gang,7.245830000000001,124.26638799999999,ph
2648875,Garforth,53.791729000000004,-1.38067,gb
3096003,Kluczbork,50.972809000000005,18.218161,pl
5798318,Indianola,47.747040000000005,-122.52568799999999,us
7932643,Caulfield South,-37.896729,145.027344,au
5244010,Antigo,45.140240000000006,-89.152344,us
667923,Saschiz,46.183331,24.966669,ro
523392,Naryan-Mar,67.671257,53.086971,ru
3166427,Solferino,45.36858,10.56668,it
1278054,Babra,21.85,71.300003,in
3107546,Trazo,43.01667,-8.53333,es
2815598,Wackersdorf,49.316669,12.18333,de
4370931,Taneytown,39.657879,-77.17443100000001,us
5731777,Hood River,45.705399,-121.52146100000002,us
667395,Sendriceni,47.950001,26.299999,ro
2165326,Glenfield,-33.966671000000005,150.899994,au
4926449,Simonton Lake,41.754219,-85.974998,us
2978105,Saint-Max,48.704288,6.20999,fr
3455580,Padre Bernardo,-15.35,-48.5,br
3045332,Siofok,46.904121,18.058001,hu
5098781,Hamilton Square,40.227329,-74.653214,us
3617763,Managua,12.132819999999999,-86.25039699999999,ni
2660498,Grindelwald,46.623959,8.036010000000001,ch
1255625,Sriramnagar,17.26652,78.25544000000001,in
3512795,Altamira,19.677298999999998,-70.84427600000001,do
3177474,Dronero,44.465728999999996,7.35133,it
3372760,Praia da Vitoria,38.73333,-27.066669,pt
2127282,Aleksandrovsk-Sakhalinskiy,50.897498999999996,142.15611299999998,ru
4345850,West Monroe,32.518478,-92.147636,us
2871225,Miehlen,50.216671000000005,7.83333,de
731464,General-Toshevo,43.700001,28.033331,bg
1279023,Aliganj,27.5,79.183327,in
2802154,Berlare,51.033328999999995,4.0,be
4385835,Eureka,38.502548,-90.627899,us
4568127,San Juan,18.46633,-66.105721,pr
1689413,San Jose,17.892691,121.871246,ph
1653334,Salavan,15.71667,106.41667199999999,la
485230,Sylva,58.034752000000005,56.76345799999999,ru
1832257,Neietsu,37.184471,128.46821599999998,kr
2751253,Makkum,53.095131,5.67946,nl
2642876,Mayfield,53.0,-1.76667,gb
3526681,Ixtapan de la Sal,18.83333,-99.683327,mx
2523460,San Giovanni la Punta,37.57605,15.09809,it
3183041,Antegnate,45.486481,9.79146,it
678680,Dumbravita,47.599998,23.65,ro
2996180,Manosque,43.828831,5.78688,fr
656709,Ilomantsi,62.67161899999999,30.93276,fi
681596,Ciresu,44.950001,27.35,ro
674230,Macin,45.24371,28.135639,ro
5044374,Saint Charles,43.969409999999996,-92.06433100000001,us
1279715,Rikaze,29.25,88.88333100000001,cn
2937280,Dierdorf,50.549999,7.66667,de
645211,Naantali,60.467442000000005,22.024281,fi
5338800,Columbia,38.036308,-120.40131399999999,us
1688991,San Miguel,11.26722,124.832497,ph
2261651,Vila de Porto Santo,33.049999,-16.33333,pt
684266,Bolintin Vale,44.448890999999996,25.75778,ro
3453926,Piedade,-23.711941,-47.42778,br
2652730,Clydebank,55.901371,-4.4057,gb
3016817,Gaillard,46.185299,6.206930000000001,fr
3116175,Moralzarzal,40.678162,-3.9707,es
2812625,Weil der Stadt,48.75,8.86667,de
1512549,Turagurghon,40.99984,71.51162,uz
4579503,Garden City,33.592949,-79.008652,us
6295509,Zuerich (Kreis 8) / Seefeld,47.354622,8.55537,ch
2635043,Uttoxeter,52.89838,-1.8648799999999999,gb
2035669,Nancha,47.133331,129.266663,cn
1485312,Zdvinsk,54.702061,78.661049,ru
3172134,Nusco,40.887119,15.08825,it
5391959,San Francisco,37.774929,-122.419418,us
3173544,Merlara,45.166382,11.4413,it
1274533,Chatrapur,19.35,84.98333000000001,in
2234455,Belo,6.13333,10.25,cm
667380,Serbanesti,44.333328,24.700001,ro
535839,Leshukonskoye,64.89894100000001,45.762199,ru
664902,Titesti,45.01667,25.0,ro
1155139,Ban Pong,13.816289999999999,99.877388,th
1710336,Jamabalod,10.8788,122.621201,ph
5794328,Fife,47.239269,-122.35707099999999,us
2975446,Schiltigheim,48.607490999999996,7.74931,fr
680591,Costeiu,45.741112,21.849171,ro
1679992,Biga,13.904010000000001,120.64875,ph
101628,Tabuk,28.383328999999996,36.583328,sa
513898,Otradnoye,59.7775,30.81806,ru
518764,Novokayakent,42.393681,47.98608,ru
687787,Zaliztsi,49.791882,25.372971,ua
2978983,Saint-Lambert-la-Potherie,47.482890999999995,-0.67789,fr
1265246,Lakheri,25.66667,76.16667199999999,in
3177090,Ferrara,44.826778000000004,11.62071,it
2949103,Biere,51.974312,11.65443,de
2968569,Villeneuve-de-Marsan,43.889061,-0.30926,fr
3181277,Cagli,43.545658,12.652660000000001,it
4031742,Egvekinot,66.316673,-179.166672,ru
4447161,Starkville,33.450401,-88.81839000000001,us
3114711,Oviedo,43.360291,-5.84476,es
3006320,La Talaudiere,45.480942,4.43173,fr
3579267,Gourbeyre,15.99378,-61.69138,gp
2650802,Dumbarton,55.944328000000006,-4.57061,gb
1521998,Krasnoznamenskoe,51.053059000000005,69.47416700000001,kz
1510454,Beloyarsk,53.446098,83.9048,ru
1274337,Chhatarpur,24.9,79.599998,in
7258965,Setauket-East Setauket,40.930640999999994,-73.101784,us
3097872,Inowroclaw,52.798859,18.26388,pl
1278466,Arambagh,22.883329,87.783333,in
583798,Akhtubinsk,48.279548999999996,46.172169,ru
1727089,Banguero,17.02305,121.77834299999999,ph
1276663,Bawana,28.799999,77.033333,in
6241325,Rotorua,-38.138740999999996,176.245163,nz
4004555,Huetamo de Nunez,18.58333,-100.88333100000001,mx
668128,Salsig,47.533328999999995,23.299999,ro
5116931,Farmingdale,40.732601,-73.445396,us
4643150,Mount Carmel,35.497849,-88.007812,us
763829,Nisko,50.519871,22.139681,pl
3012444,Jassans-Riottier,45.983521,4.76004,fr
2334652,Keffi,8.84861,7.87361,ng
1279318,Aduthurai,11.015419999999999,79.48092700000001,in
3049430,Kormend,47.01096,16.605960999999997,hu
3492123,Vallejuelo,18.65354,-71.334312,do
3021663,Dechy,50.349998,3.11667,fr
322250,Baklan,37.97694,29.60861,tr
4989596,Coopersville,43.063911,-85.93476899999999,us
2521148,Benaguasil,39.599998,-0.58333,es
5343728,Dos Palos,36.986061,-120.626572,us
1688697,San Policarpio,12.0675,124.5625,ph
2981149,Saint-Christophe-du-Bois,47.030121,-0.9444100000000001,fr
4068933,Indian Springs Village,33.355389,-86.75443299999999,us
2469140,Masakin,35.729172,10.58082,tn
1257611,Saligao,15.55,73.76666999999999,in
5504468,Gardnerville,38.941299,-119.749619,us
4674593,Bishop,27.586140000000004,-97.79915600000001,us
317095,Derbent,38.014221,32.016391999999996,tr
2388720,Boali,4.80048,18.127470000000002,cf
2989952,Nouvoitou,48.04105,-1.54714,fr
1724747,Bitadton,11.4969,122.08511399999999,ph
4287450,Central City,37.293929999999996,-87.123329,us
1714106,Dompay,15.8807,120.389,ph
3686793,Chaparral,3.72315,-75.483162,co
3033913,Bedarieux,43.615528000000005,3.15714,fr
3394549,Monteiro,-7.88944,-37.119999,br
2682706,Resaro,59.4291,18.33386,se
3182985,Apollosa,41.094120000000004,14.70534,it
2839074,Schirmitz,49.650002,12.16667,de
3035542,Aze,47.822201,-0.68333,fr
2819892,Unterbreizbach,50.816669,9.98333,de
3622005,Salitral,9.91163,-84.178352,cr
680581,Costesti,44.666672,24.883329,ro
3522973,Moralillo,22.216669,-97.900002,mx
2758245,Broek op Langedijk,52.674170999999994,4.80556,nl
1709653,Kalawit,8.06667,122.51666999999999,ph
3168732,Saccolongo,45.404289,11.746,it
4307238,Saint Matthews,38.25285,-85.655792,us
1710914,Imus,14.429720000000001,120.936668,ph
5762897,Blackhawk,44.1511,-103.30796099999999,us
5082331,York,40.868069,-97.592003,us
5007804,Royal Oak,42.489478999999996,-83.144653,us
4164253,Micco,27.880581,-80.500328,us
2861422,Oberammergau,47.598122,11.06692,de
4923745,Monticello,40.745319,-86.764732,us
2112903,Funehiki,37.433331,140.583328,jp
5786899,Bellingham,48.759547999999995,-122.48822,us
3181928,Bologna,44.493809000000006,11.33875,it
1727148,Bankaw,5.0192,120.009102,ph
2658216,Uster,47.34713,8.72091,ch
3840809,Poman,-28.39455,-66.22052,ar
5323499,Alta Sierra,35.729118,-118.54953,us
4898015,Joliet,41.525028000000006,-88.081734,us
4712319,Morgans Point Resort,31.148229999999998,-97.463341,us
4902382,Minonk,40.90448,-89.034523,us
2978726,Saint-Louis-de-Montferrand,44.950001,-0.5354300000000001,fr
2231320,Garoua,9.3,13.4,cm
5569523,Pine Hills,40.733181,-124.15228300000001,us
3202523,Cres,44.960918,14.412460000000001,hr
2976109,Santeny,48.727299,2.57346,fr
4060991,Eutaw,32.840678999999994,-87.887512,us
681458,Ciuhoiu,47.23333,22.116671,ro
3127476,Burela de Cabo,43.650002,-7.4,es
548747,Kiknur,57.30341,47.201060999999996,ru
2752600,Klundert,51.665001000000004,4.53472,nl
1175446,Kohror Pakka,29.623819,71.916733,pk
2206890,Masterton,-40.959721,175.657501,nz
2911530,Hallbergmoos,48.327469,11.75142,de
2636594,Studley,52.27026,-1.89188,gb
1255870,Sohna,28.25,77.066673,in
670494,Plesoiu,44.466671000000005,24.26667,ro
2759798,Amstelveen,52.300831,4.8638900000000005,nl
4679437,Castle Hills,29.523290999999997,-98.516411,us
548763,Kikerino,59.466671,29.633328999999996,ru
2890278,Kirrweiler,49.301941,8.165560000000001,de
3165157,Trissino,45.561192,11.37169,it
3164727,Vanzago,45.52697,8.99404,it
2875785,Lostau,52.208709999999996,11.73795,de
2836772,Schoneck,50.383331,12.31667,de
4210254,Morrow,33.583172,-84.339371,us
3674292,Mosquera,4.70592,-74.230209,co
2338497,Ihiala,5.85377,6.86026,ng
6534250,Pino Torinese,45.039551,7.77712,it
6244864,Petone,-41.228271,174.870193,nz
5136088,Salamanca,42.157841,-78.715027,us
6293977,Pfaeffikon / Pfaeffikon (Dorfkern),47.369431,8.78309,ch
1639356,Krian,-7.4104,112.579201,id
545275,Konstantinovskaya,44.835281,40.72694,ru
1319533,Kayan,16.90556,96.563057,mm
2128983,Nayoro,44.350559000000004,142.45777900000002,jp
1718495,Caranan,13.5167,123.015602,ph
5534109,Wolfforth,33.50592,-102.009064,us
3442727,Durazno,-33.413059000000004,-56.500561,uy
1277330,Banganapalle,15.316670000000002,78.23333000000001,in
283373,Kafr Jammal,32.22551,35.043369,ps
3600966,Taulabe,14.7,-87.966667,hn
679464,Desa,43.866669,23.033331,ro
3019153,Faches-Thumesnil,50.583328,3.0666700000000002,fr
2857770,Offingen,48.48333,10.36667,de
2970216,Velaux,43.528389000000004,5.25661,fr
3000139,Le Soler,42.681011,2.79335,fr
940424,Wesselsbron,-27.8549,26.365828999999998,za
496290,Tretiy Severnyy,60.208611,59.96110899999999,ru
1491267,Sosva,59.17661999999999,61.855789,ru
877597,Nangomba,-10.9,38.5,tz
1717026,Concepcion,10.40528,124.78305800000001,ph
576342,Bilyarsk,54.983582,50.386711,ru
151599,Ngudu,-2.96667,33.333328,tz
1689999,San Francisco,12.72472,123.90638700000001,ph
6535515,Portacomaro,44.95665,8.25804,it
2636811,Stonehouse,51.75,-2.28333,gb
3670368,Salamina,10.490269999999999,-74.794632,co
532477,Lyubuchany,55.25111,37.545555,ru
3522777,Necaxa,20.216669,-98.0,mx
4341007,Schriever,29.742148999999998,-90.81037099999999,us
3385908,Turiacu,-1.66333,-45.37167,br
3570426,Le Marin,14.47212,-60.86973199999999,mq
3038731,Abscon,50.333328,3.3,fr
1643776,Gresik,-7.15389,112.65611299999999,id
3445690,Urucuca,-14.593060000000001,-39.284439,br
2872580,Meckesheim,49.321671,8.81944,de
3514278,Yecapixtla,18.883329,-98.86666899999999,mx
5433828,Palmer Lake,39.122211,-104.917198,us
1011918,Danielskuil,-28.18873,23.539510999999997,za
1727937,Balucawi,12.2013,123.842598,ph
2919366,Goldberg,53.583328,12.08333,de
4056427,Columbiana,33.178169,-86.607208,us
6291375,Wallisellen / Rieden,47.417381,8.60028,ch
5000996,Marshall,42.272259000000005,-84.96330999999999,us
669128,Rastu,43.883331,23.283331,ro
1513957,Hazorasp,41.319439,61.074169,uz
2655069,Bowdon,53.376438,-2.36532,gb
554894,Izberbash,42.56955,47.864471,ru
4930511,Beverly Cove,42.553429,-70.853661,us
4168228,Pensacola,30.42131,-87.216911,us
933333,Mogapi,-22.323009,27.834921,bw
5015416,Wolverine Lake,42.556702,-83.473831,us
706434,Khymchyn,48.386390999999996,25.148029,ua
3168017,San Martino di Venezze,45.131489,11.869710000000001,it
1695734,Panalipan,10.64833,124.021667,ph
3385850,Uirauna,-6.518330000000001,-38.41222,br
1489167,Trudarmeyskiy,54.132,86.409798,ru
2231319,Garoua Boulai,5.88333,14.55,cm
3033269,Bernin,45.2714,5.8651599999999995,fr
2878351,Leun,50.551289000000004,8.358360000000001,de
1718247,Cartagena,9.82167,122.39888799999999,ph
1700786,Masaguisi,12.75452,121.44841799999999,ph
1978472,Basiawan,6.53417,125.486938,ph
5138892,South Huntington,40.823710999999996,-73.39872700000001,us
2636663,Stretford,53.450001,-2.3166700000000002,gb
5938513,Deux-Montagnes,45.53455,-73.90168,ca
727233,Shumen,43.270641,26.922859000000003,bg
1715015,Dicabisagan,17.081841,122.415741,ph
554444,Kakhun,43.54306,43.876389,ru
2865376,Neufahrn bei Freising,48.316669,11.66667,de
905395,Mufulira,-12.54982,28.240709000000003,zm
4711725,Mission,26.215909999999997,-98.325287,us
2850235,Ratekau,53.950001,10.73333,de
2661844,Affeltrangen,47.527012,9.03207,ch
3187590,Vitez,44.154441999999996,17.790279,ba
3589072,Santo Domingo Xenacoj,14.677779999999998,-90.697777,gt
3085809,Skawica,49.677181,19.623210999999998,pl
1279115,Aklera,24.41667,76.566673,in
921946,Chandra,-12.195,44.464721999999995,km
4568917,Yauco,18.03496,-66.849899,pr
2973795,Stiring-Wendel,49.200001,6.933330000000001,fr
1507636,Chunskiy,56.081501,99.634201,ru
616438,Martuni,40.137679999999996,45.304501,am
4852212,Colfax,41.677769,-93.245201,us
3689709,Arbelaez,4.27254,-74.415131,co
2803148,Anthisnes,50.483230999999996,5.519,be
679167,Dofteana,46.316669,26.51667,ro
1261832,Narayanavanam,13.416670000000002,79.58332800000001,in
2152671,Port Kembla,-34.466671000000005,150.899994,au
252664,Trikala,39.555279,21.7675,gr
731818,Dulovo,43.816669,27.15,bg
3070640,Milotice,48.95528,17.14241,cz
358619,Port Said,31.25654,32.284119,eg
1859964,Kaseda,31.41667,130.316666,jp
1631271,Petarukan,-6.88333,109.433327,id
2525404,Canicattini Bagni,37.03294,15.06339,it
5467905,Flora Vista,36.794449,-108.080353,us
1800065,Nangong,37.358059000000004,115.374443,cn
3090951,Niemodlin,50.641998,17.619320000000002,pl
2522112,Alconchel,38.516479,-7.071610000000001,es
1508291,Chelyabinsk,55.154442,61.429722,ru
479241,Ullubiyaul,42.596889000000004,47.718239000000004,ru
1720793,Calabanga,13.7068,123.208702,ph
6534467,Basiano,45.582481,9.46325,it
964712,Plettenberg Bay,-34.052738,23.371599,za
2857919,Oelsnitz,50.4147,12.1695,de
464179,Zavetnoye,47.119438,43.890282,ru
702679,Luhyny,51.08202,28.400570000000002,ua
5803139,Mercer Island,47.570648,-122.22206899999999,us
2797523,Gingelom,50.747921000000005,5.13422,be
316440,Dogansehir,38.091941999999996,37.878890999999996,tr
1705105,Luna,10.96667,123.23333000000001,ph
7261421,Helena Valley Northeast,46.698818,-111.952072,us
674059,Maierus,45.900002,25.533331,ro
2677644,Skillingaryd,57.433331,14.083329999999998,se
2644400,Lisnaskea,54.25,-7.45,gb
1512658,Toshbuloq,40.923389,71.572144,uz
2033667,Xinqing,48.23333,129.5,cn
5146089,Ashtabula,41.865051,-80.78981,us
1273193,Deoria,26.504721000000004,83.787216,in
1858972,Kokubu,31.73333,130.766663,jp
3527639,Felipe Carrillo Puerto,19.58333,-88.050003,mx
3196657,Lepoglava,46.21056,16.035560999999998,hr
2068594,Kelmscott,-32.116669,116.01666999999999,au
3194452,Nova Gorica,45.956039000000004,13.648370000000002,si
5253498,Fort Atkinson,42.92889,-88.837051,us
2622665,Ejby,55.485802,12.081710000000001,dk
1689800,San Isidro,8.25833,124.59306299999999,ph
4955190,Westfield,42.125091999999995,-72.749542,us
711416,Brody,50.08791,25.150270000000003,ua
1430991,Soyibug,34.07917,74.711113,in
122915,Nahavand,34.188499,48.376999,ir
2802985,Aubel,50.701889,5.8581199999999995,be
2844701,Rosshaupten,48.429428,10.46911,de
2757850,Dalfsen,52.511669,6.25694,nl
5568514,Myrtletown,40.788738,-124.13034099999999,us
666528,Soimi,46.683331,22.116671,ro
4161327,Lake Panasoffkee,28.755819,-82.09481,us
2634192,Whalley,53.82209,-2.40712,gb
3038789,Abbeville,50.099998,1.83333,fr
4375979,Battlefield,37.115608,-93.370193,us
4670094,Albany,32.72345,-99.297302,us
4470727,Hertford,36.190159,-76.466049,us
2975802,Saultain,50.336760999999996,3.57723,fr
2015310,Fokino,42.983608000000004,132.404724,ru
1727268,Bangkal,6.066669999999999,121.066673,ph
5579761,Meeker,40.037471999999994,-107.913132,us
4034005,Paea,-17.683331,-149.583328,pf
4560233,Parkside,39.864281,-75.37853199999999,us
2023029,Kazachinskoye,56.26667,107.58000200000001,ru
878242,Liuli,-11.08333,34.633331,tz
2992102,Montrejeau,43.085547999999996,0.5647,fr
3089965,Orzesze,50.155949,18.779239999999998,pl
2862485,Nierstein,49.875278,8.34667,de
1256124,Singur,22.80917,88.229439,in
2961459,Skibbereen,51.549999,-9.26667,ie
3429576,Retiro,-34.583328,-58.383331000000005,ar
1266762,Kheri,27.9,80.800003,in
1848903,Warabi,35.826389,139.704437,jp
1687542,Santo Tomas,8.185830000000001,125.803886,ph
3397660,Jaicos,-7.35917,-41.137778999999995,br
3165166,Trinitapoli,41.357231,16.08736,it
1854405,Okawa,33.200001,130.350006,jp
2229748,Kumbo,6.2,10.66667,cm
5815599,West Richland,46.304297999999996,-119.36141200000002,us
485064,Syumsi,57.11108,51.614940999999995,ru
5436363,Rifle,39.534698,-107.783119,us
705626,Klishkivtsi,48.43161,26.26231,ua
786238,Rostusha,41.610001000000004,20.6,mk
5102729,Plainsboro Center,40.331771999999994,-74.594597,us
697473,Petranka,48.902458,24.303471,ua
679959,Cungrea,44.666672,24.383329,ro
1496073,Orlik,52.517799,99.824997,ru
3054533,Celldomolk,47.257118,17.150270000000003,hu
2991179,Murat,45.107971,2.86665,fr
1788291,Xitangtuo,39.31472,117.47943899999999,cn
3027758,Ceton,48.226318,0.74968,fr
4535740,Edmond,35.652828,-97.478104,us
1729469,Baculin,7.4525,126.584167,ph
4503299,North Cape May,38.982059,-74.95794699999999,us
3164373,Viggiu,45.871681,8.91043,it
3391220,Presidente Dutra,-5.29,-44.490002000000004,br
676194,Hiliseu-Horia,48.033328999999995,26.25,ro
2523703,Portopalo,36.682339,15.1346,it
7262622,Summerlin South,36.102692,-115.381119,us
534174,Lopatinskiy,55.340557,38.725555,ru
5661473,Lakeside,48.01939,-114.224571,us
1722162,Buyabod,13.4666,122.05259699999999,ph
4015520,Capula,19.700001,-101.800003,mx
3010025,La Ciotat,43.174759,5.60449,fr
2017824,Pokrovsk,61.478062,129.12721299999998,ru
3005099,Le Boupere,46.795952,-0.9265399999999999,fr
3430943,Makalle,-27.206869,-59.286961,ar
2951206,Bellheim,49.19833,8.27944,de
692118,Svatove,49.41029,38.150349,ua
7284912,Kerepes,47.560081,19.28289,hu
2658696,Schubelbach,47.17326,8.92811,ch
3097391,Jastrzebie Zdroj,49.955421,18.574789000000003,pl
2328151,Obudu,6.66737,9.17157,ng
2891297,Kettig,50.400002,7.46667,de
4161659,Laurel,27.14378,-82.461578,us
3502373,Laguna Salada,19.64827,-71.09446,do
2518921,Dalias,36.821789,-2.87138,es
1724278,Bolo,15.9948,120.164703,ph
1795270,Shijiazhuang,38.041389,114.47860700000001,cn
2677869,Skattkarr,59.416672,13.633329999999999,se
4575028,Clinton,34.47263,-81.880661,us
8224782,Shirley,52.410740000000004,-1.81952,gb
325426,Acipayam,37.423851,29.349409,tr
2361477,Dedougou,12.46667,-3.4666699999999997,bf
4154047,East Pensacola Heights,30.42881,-87.17997,us
4951281,South Amherst,42.34037,-72.505089,us
2634686,Waterlooville,50.880669,-1.0304,gb
3460901,Itaguacu,-19.801941,-40.85556,br
470473,Vygonichi,53.098549,34.06728,ru
1784658,Zhengzhou,34.757778,113.64861299999998,cn
2982076,Sable-sur-Sarthe,47.83765,-0.33294,fr
1173692,Khurrianwala,31.500560999999998,73.26666999999999,pk
297090,Didim,37.375561,27.26778,tr
2412992,Kerewan,13.4898,-16.088791,gm
3591093,Pueblo Nuevo Tiquisate,14.28333,-91.36666899999999,gt
3173444,Miglionico,40.56842,16.50248,it
3928993,San Vicente de Canete,-13.07512,-76.383522,pe
886864,Mashava,-20.03665,30.48225,zw
5146946,Bellaire,40.016178000000004,-80.74231,us
5110168,Brightwaters,40.720928,-73.267342,us
5280378,Hooverson Heights,40.324791,-80.577568,us
2960102,Schifflange,49.50639,6.01278,lu
1688343,Santa Catalina Sur,13.871670000000002,121.43306000000001,ph
764634,Mlawa,53.112781999999996,20.3841,pl
3517665,Santa Catarina Mechoacan,16.33333,-97.83332800000001,mx
4109785,El Dorado,33.20763,-92.666267,us
690035,Velykoploske,47.012539000000004,29.671709000000003,ua
5655959,Hamilton,46.246868,-114.16037,us
506762,Polyarnyye Zori,67.366112,32.498058,ru
2679920,Saro,57.505772,11.9321,se
1508879,Borovskiy,57.040957999999996,65.720177,ru
2852054,Priestewitz,51.25,13.516670000000001,de
2786344,Soumagne,50.61385,5.74679,be
1270454,Hamirpur,31.683331,76.51666999999999,in
1730070,Asingan,16.0051,120.66950200000001,ph
149581,Tarime,-1.35,34.366669,tz
736921,Alistrati,41.066669,23.950001,gr
2517722,Finana,37.171501,-2.8401099999999997,es
1712645,Guadalupe,9.7236,123.401802,ph
1504489,Karasuk,53.737719999999996,78.04026,ru
3315278,Sandyford,53.2747,-6.2253,ie
2658816,Sankt Margrethen,47.452529999999996,9.637410000000001,ch
2999725,Les Rosiers-sur-Loire,47.349998,-0.21666999999999997,fr
3115700,Navaconcejo,40.17712,-5.83108,es
1725292,Bilaran,14.035279999999998,120.71028100000001,ph
1859647,Kawasaki,33.583328,130.833328,jp
2155710,Narromine,-32.150002,148.25,au
2985865,Pougues-les-Eaux,47.075179999999996,3.1015,fr
2882563,Kumhausen,48.5,12.16667,de
2907887,Heidenau,50.97221,13.867410000000001,de
3178015,Correzzola,45.233608000000004,12.06167,it
5249259,Como,42.61224,-88.482323,us
2994901,Mazan,44.056801,5.12747,fr
1790840,Wuzhou,23.48333,111.316673,cn
1490003,Tatarsk,55.21904,75.98284100000001,ru
3692953,Ramon Castilla,-4.25694,-69.95944200000001,pe
3702431,Puerto Armuelles,8.28333,-82.86666899999999,pa
5322794,Alamo,37.850201,-122.03218100000001,us
2904667,Hillscheid,50.400002,7.7,de
1846052,Chinju,35.19278,128.08471699999998,kr
6355214,Las Rosas,28.015390000000004,-16.65373,es
1804169,Lengshuijiang,27.688060999999998,111.42944299999999,cn
528137,Mechetinskaya,46.771301,40.455971000000005,ru
2745321,Voorburg,52.074169,4.359719999999999,nl
4924733,Peru,40.753651,-86.068878,us
3863377,Caleufu,-35.595589000000004,-64.557777,ar
1695547,Pandan,13.7421,123.081497,ph
5278159,Wauwatosa,43.049461,-88.007591,us
4832356,Berwick,43.265919,-70.864502,us
4019260,Agua Prieta,31.299999,-109.566673,mx
2818097,Usingen,50.333328,8.53333,de
3027918,Cerans-Foulletourte,47.826510999999996,0.07724,fr
557340,Ilek,51.527088,53.38306,ru
717042,Napkor,47.937969,21.86763,hu
3022164,Cucuron,43.773209,5.439,fr
3035409,Bagneux,48.795639,2.30796,fr
5788531,Burley,47.41787,-122.63096599999999,us
630343,Byahoml,54.733551,28.059959000000003,by
2757937,Coevorden,52.661030000000004,6.740460000000001,nl
3450202,Santa Ines,-13.29222,-39.81889,br
1696742,Padre Garcia,13.8791,121.213898,ph
1685196,Suso,17.3594,120.46109799999999,ph
6949377,Canterbury,-33.916698,151.100006,au
4751421,Cave Spring,37.227638,-80.012817,us
2999259,Le Teil,44.546791,4.68165,fr
3037838,Amneville,49.2575,6.14203,fr
3045045,Sutto,47.758862,18.448729999999998,hu
2933216,Egenhausen,48.566669,8.61667,de
2659504,Neftenbach / Dorf Neftenbach,47.527640999999996,8.6649,ch
1719939,Camaley,15.9966,120.30169699999999,ph
3020576,Ebersheim,48.304379,7.49903,fr
1502862,Kolpashevo,58.313061,82.90889,ru
6159980,Sussex,45.72266,-65.50663,ca
2960228,Niedercorn,49.53611,5.89306,lu
184379,Narok,-1.07829,35.860119,ke
2746351,Tholen,51.53167,4.22083,nl
1799908,Nanlong,31.353331,106.06308700000001,cn
4555211,Wewoka,35.158691,-96.493347,us
569841,Chashnikovo,56.033329,37.166672,ru
3670034,San Bernardo,1.52119,-77.030907,co
2759040,Best,51.5075,5.390280000000001,nl
3206012,Koran,43.81028,18.56889,ba
683764,Breasta,44.333328,23.683331,ro
1004109,Fochville,-26.488621000000002,27.49387,za
3104395,Yuncos,40.085899,-3.87106,es
1686335,Sinacaban,8.2864,123.839897,ph
5247758,Campbellsport,43.597771,-88.278992,us
3651251,Saquisili,-0.8333299999999999,-78.66667199999999,ec
3170482,Poggio Bustone,42.501831,12.88818,it
2961123,Tralee,52.27042,-9.702639999999999,ie
3386396,Timbauba,-7.50528,-35.318329,br
5120228,Hauppauge,40.825649,-73.202606,us
2953316,Bad Wilsnack,52.950001,11.95,de
2519110,Crevillente,38.249939000000005,-0.80975,es
3131024,Abrera,41.516819,1.901,es
933596,Kopong,-24.48333,25.883329,bw
580660,Asha,54.997299,57.272202,ru
3827566,San Pedro Xalpa,19.823891,-99.18833199999999,mx
2522162,Alcala de los Gazules,36.46212,-5.72382,es
2853202,Pleystein,49.649071,12.406310000000001,de
5098945,Heathcote,40.388721000000004,-74.57570600000001,us
2928717,Esterwegen,52.992881999999994,7.6332699999999996,de
2957555,Altenkunstadt,50.125038,11.2503,de
296860,Yesilhisar,38.34972,35.08667,tr
146069,Sotira,34.729172,32.862499,cy
4656630,Seymour,35.890640000000005,-83.72461700000001,us
7259489,Scott Air Force Base,38.542702,-89.850349,us
2940213,Celle,52.622639,10.08047,de
1701054,Marawi,7.99861,124.292778,ph
1591538,Bac Kan,22.133329,105.83332800000001,vn
5086344,Franklin,43.444241,-71.647301,us
4528015,West Jefferson,39.944778,-83.268799,us
6295490,Zuerich (Kreis 12) / Saatlen,47.41127,8.5648,ch
1851348,Suzuka,34.883331,136.583328,jp
1164408,Sukkur,27.70516,68.857384,pk
1680687,Tungao,8.77722,125.57193799999999,ph
2618489,Kolt,56.108452,10.06986,dk
1273371,Daurala,29.116671000000004,77.683327,in
5793427,Edmonds,47.81065,-122.377357,us
6534716,Stella,44.393440000000005,8.49795,it
3173391,Minturno,41.25761,13.72371,it
1090476,Kani Keli,-12.953610000000001,45.103328999999995,yt
2563020,Gudja,35.849171000000005,14.503060000000001,mt
3103274,Blachownia,50.780151000000004,18.96389,pl
3931137,Putina,-15.46667,-69.433327,pe
672532,Nalbant,45.049999,28.616671000000004,ro
3169742,Putignano,40.85183,17.12129,it
5100477,Lincoln Park,40.924271000000005,-74.302094,us
1729696,Bacag,15.93,120.582222,ph
4769339,Lexington,37.784019,-79.442818,us
1788206,Xixiang,35.162781,112.864998,cn
2017478,Razdolnoye,43.549999,131.916672,ru
4832176,East Falmouth,41.578441999999995,-70.55864,us
4936087,Fairhaven,41.6376,-70.903648,us
680180,Cristesti,46.5,24.48333,ro
1706093,Liozon,15.3993,119.932999,ph
5098760,Hamburg,41.148478999999995,-74.573479,us
2948114,Blaichach,47.533328999999995,10.26667,de
567177,Danilovka,50.355728000000006,44.11681,ru
5368304,Los Alamitos,33.80307,-118.07256299999999,us
3045564,Sarbogard,46.886921,18.620410999999997,hu
3012638,Itteville,48.515361999999996,2.34377,fr
151266,Nyakabindi,-2.63333,33.98333,tz
4535823,Elk City,35.411991,-99.404259,us
4233662,Bethalto,38.909209999999995,-90.040657,us
5091110,Pinardville,42.994251,-71.50729399999999,us
2831992,Simmozheim,48.75127,8.81142,de
2859938,Oberleichtersbach,50.283328999999995,9.8,de
2078025,Adelaide,-34.933331,138.600006,au
676617,Gruiu,44.73333,26.23333,ro
3167647,SantAgata deGoti,41.089321000000005,14.49743,it
2642959,Martham,52.704639,1.63636,gb
5373327,Milpitas,37.428268,-121.90661599999999,us
5541693,LaVerkin,37.201091999999996,-113.269669,us
3380290,Sinnamary,5.38333,-52.950001,gf
3521825,Paso de Ovejas,19.283331,-96.433327,mx
498672,Saratovskaya,44.710278,39.224445,ru
3167359,Santa Teresa Gallura,41.241378999999995,9.18852,it
1797318,Qujing,25.48333,103.783333,cn
3164213,Villamagna,42.328941,14.23611,it
3034041,Beausoleil,43.749039,7.41702,fr
2645500,Kinghorn,56.068957999999995,-3.17607,gb
2798279,Floreffe,50.434521000000004,4.7596,be
2038120,Chaoyang,41.570278,120.458611,cn
5808524,Rochester,46.82177,-123.096252,us
1259091,Kollam,8.88333,76.599998,in
308230,Kemaliye,39.262878,38.496738,tr
2642567,Midhurst,50.985592,-0.74003,gb
5720575,Coquille,43.177052,-124.187607,us
1265504,Kurinjippadi,11.56667,79.599998,in
2641049,Okehampton,50.738411,-4.0016,gb
2805694,Wurmannsquick,48.349998,12.78333,de
6696767,Langepas,61.254391000000005,75.212402,ru
678923,Dragomiresti,47.01667,26.533331,ro
3437342,Puerto Rosario,-24.450001,-57.083328,py
3031709,Bonneuil-sur-Marne,48.769501,2.4793,fr
5101873,North Arlington,40.788429,-74.133202,us
3009266,La Fresnais,48.59478,-1.8418599999999998,fr
2875107,Lunen,51.616669,7.5166699999999995,de
2152286,Queanbeyan,-35.349998,149.233337,au
2660076,La Chaux-de-Fonds,47.09993,6.8258600000000005,ch
4695866,Hallettsville,29.44385,-96.94109300000001,us
670472,Plopana,46.683331,27.216669,ro
1680189,Usab,12.33083,123.58055900000001,ph
2521167,Belmez,38.26667,-5.2,es
620445,Valozhyn,54.090931000000005,26.522461,by
2659467,Niedererlinsbach,47.392181,8.00503,ch
1176206,Jandiala Sher Khan,31.81986,73.918121,pk
2737046,Oliveira de Azemeis,40.841011,-8.47555,pt
3080533,Zawidow,51.025459000000005,15.062129999999998,pl
756048,Wegorzewo,54.215672,21.7372,pl
5784384,Washington Terrace,41.172722,-111.97660800000001,us
2894566,Julbach,48.25,12.96667,de
2514192,Manuel,39.050591,-0.48978,es
1489661,Tevriz,57.508998999999996,72.404198,ru
3012636,Itxassou,43.32893,-1.4061700000000001,fr
2523222,Sarroch,39.064442,9.00972,it
212360,Kongolo,-5.38333,27.0,cd
2791343,Menen,50.797218,3.12245,be
4756557,Dublin,37.105678999999995,-80.68534100000001,us
1492536,Shabrovskiy,56.635971,60.58065,ru
4433039,Laurel,31.69405,-89.130608,us
1717066,Communal,13.2548,121.136597,ph
710947,Chapayevka,49.38179,30.45137,ua
2519477,Chipiona,36.736629,-6.43703,es
748761,Daday,41.478660999999995,33.466671000000005,tr
4217214,Powder Springs,33.85955,-84.683823,us
137268,Susangerd,31.560801,48.183102000000005,ir
5794098,Fairwood,47.766842,-117.417442,us
1269685,Isagarh,24.83333,77.88333100000001,in
3178205,Conco,45.799999,11.6071,it
6354985,guengoeren merter,41.007111,28.887951,tr
475701,Vereya,55.344719,36.17194,ru
1690158,San Diego,14.1872,121.48670200000001,ph
5789668,Central Park,46.973431,-123.69238999999999,us
710735,Chernihiv,51.505508,31.284879999999998,ua
5278106,Waupun,43.63332,-88.72955300000001,us
4884249,Beach Park,42.422241,-87.8573,us
1280849,Kashi,39.45472,75.979721,cn
3177099,Fermo,43.164660999999995,13.723289999999999,it
3665860,Vista Hermosa,3.1242799999999997,-73.75155600000001,co
5100619,Long Branch,40.304279,-73.992363,us
3173631,Melegnano,45.358768,9.32395,it
4187055,Centerville,32.630138,-83.68962900000001,us
289011,Ar Rustaq,23.390829,57.424438,om
1506271,Gorno-Altaysk,51.956108,85.95500200000001,ru
7257391,Northwest Harwinton,41.776852000000005,-73.079224,us
691603,Terpinnya,46.969711,35.41972,ua
2516630,Hornachuelos,37.833328,-5.2333300000000005,es
3589706,San Miguel Siguila,14.9,-91.61666899999999,gt
686384,Amarastii de Sus,43.98333,24.15,ro
2654721,Brigg,53.552009999999996,-0.49213999999999997,gb
1271675,Gangapur,26.48333,76.716667,in
305210,Kuyucak,37.9133,28.459169,tr
2871992,Memmingen,47.983719,10.18527,de
1627185,Sijunjung,-0.68762,100.95365100000001,id
3447997,Sarandi,-27.943890000000003,-52.923061,br
2986761,Pleumeur-Bodou,48.76667,-3.5166699999999995,fr
3995146,Nahuatzen,19.700001,-101.83332800000001,mx
2660355,Herzogenbuchsee,47.18795,7.7062,ch
2817704,Velen,51.900002,6.9833300000000005,de
5125295,Lorenz Park,42.263699,-73.768463,us
2090495,Morehead,-8.71066,141.636673,pg
3167131,Sarentino,46.64352,11.35577,it
7302833,Gajuwaka,17.700001,83.216667,in
1491360,Sorsk,54.003330000000005,90.246674,ru
1680428,Ugad,17.29373,121.799843,ph
2946100,Bornhoved,54.066669,10.23333,de
1730737,Angeles City,15.15,120.58332800000001,ph
1068670,Bealanana,-14.55,48.73333,mg
2511448,Sant Antoni de Portmany,38.980678999999995,1.30362,es
707928,Gubinikha,48.810829,35.254719,ua
1626936,Singaparna,-7.3515,108.111,id
3517426,Santa Ines Ahuatempan,18.41667,-98.01666999999999,mx
694333,Shatsk,51.502078999999995,23.938060999999998,ua
2522970,Taurisano,39.956619,18.214129999999997,it
1850834,Takeo,33.200001,130.016663,jp
3180242,Casalbuttano,45.251869,9.96167,it
1517610,Ust-Talovka,50.549271000000005,81.849968,kz
4539557,Jay,36.421188,-94.796898,us
2472431,Bin Qirdan,33.137828999999996,11.21965,tn
3172226,Nole,45.241248999999996,7.573119999999999,it
3834502,Termas de Rio Hondo,-27.49983,-64.86041999999999,ar
3175497,Inverigo,45.737179,9.21774,it
1310362,Maubin,16.73333,95.650002,mm
2706392,Hindas,57.700001,12.45,se
4519883,North Fork Village,39.335899,-83.02906800000001,us
3827596,Santiago Teyahualco,19.65889,-99.126938,mx
2019296,Never,53.98333,124.16667199999999,ru
2510426,Tobarra,38.592129,-1.6919099999999998,es
670425,Plopu,45.01667,26.15,ro
4985713,Benton Heights,42.131149,-86.40724200000001,us
2112019,Makabe,36.26667,140.100006,jp
2989317,Orleans,47.902889,1.90389,fr
6618856,Santutxu,43.253471000000005,-2.9161,es
3512166,Baitoa,19.325121,-70.703568,do
2882141,Laage,53.933331,12.35,de
2967201,Ytrac,44.913429,2.36295,fr
836698,Rusko Selo,45.762778999999995,20.571939,rs
5266199,Pardeeville,43.537762,-89.300117,us
623317,Polatsk,55.48591999999999,28.77556,by
3514043,Zempoala,19.91667,-98.66667199999999,mx
3493478,Sabana Iglesia,19.32114,-70.759918,do
4386685,Flat River,37.850052000000005,-90.51679200000001,us
3392431,Pedro II,-4.42472,-41.458611,br
3902685,Tomas Barron,-17.58333,-67.51666999999999,bo
3450806,Sabinopolis,-18.666109,-43.083889,br
1717453,Cervantes,12.36861,124.65972099999999,ph
2980240,Saint-Etienne-du-Bois,46.287659000000005,5.29481,fr
3612810,Dulce Nombre de Culmi,15.1,-85.533333,hn
1704058,Magallanes,9.02,125.51722,ph
468082,Yelabuga,55.76126899999999,52.06493,ru
675937,Huedin,46.866669,23.049999,ro
3103847,Bardo,50.50589,16.739860999999998,pl
3164182,Villanova del Battista,41.120819,15.15875,it
2922304,Gau-Bischofsheim,49.915828999999995,8.272780000000001,de
507479,Pokrovo-Prigorodnoye,52.684052,41.417519,ru
155076,Makuyuni,-4.7333300000000005,38.099998,tz
2758275,Broekhem,50.871189,5.82069,nl
6690869,Chadwell Heath,51.571209,0.13271,gb
2661265,Carouge,46.180962,6.13921,ch
5370164,Manteca,37.797428000000004,-121.216049,us
2645314,Kirkburton,53.61046999999999,-1.70292,gb
255377,Petroupolis,38.04187,23.68494,gr
1691803,Recodo,11.94914,123.736954,ph
4770931,Lowes Island,39.05983,-77.352211,us
2659787,Maienfeld,47.004719,9.53115,ch
1812621,Dongcun,36.776669,121.15972099999999,cn
2250849,Kanel,15.4916,-13.17627,sn
1349355,Raypur,22.410829999999997,88.509438,in
1501321,Kurgan,55.450001,65.33332800000001,ru
